age,experience_years,average_daily_work_hours,break_frequency_per_day,task_completion_rate,late_task_ratio,calendar_scheduled_usage,focus_time_minutes,tool_usage_frequency,automated_task_count,AI_assisted_planning,real_time_feedback_score,location_type_City,location_type_Town,location_type_Village,industry_sector_Education,industry_sector_Finance,industry_sector_Healthcare,industry_sector_IT,industry_sector_Retail,productivity_label_encoded
36,10,6.47,2,92.14753665825084,0.0834473743462628,88.4058052010851,217.0,15,9,1,53,True,False,False,False,False,False,False,True,0
54,7,6.3,2,91.61100023256422,0.0996012783382248,83.59999233221373,236.0,10,3,0,50,False,True,False,False,True,False,False,False,0
55,1,6.17,5,78.66274728808563,0.1744455405229714,67.9491193970491,130.0,6,7,1,63,False,False,True,False,False,False,False,True,2
56,22,5.1,3,67.5836155364722,0.3469602604998699,45.81552271187561,111.0,9,3,0,86,True,False,False,False,False,False,True,False,1
53,17,7.14,1,84.42485944422133,0.2237789402208535,65.79270779043293,152.0,18,7,1,90,False,False,True,False,False,True,False,False,2
42,16,7.65,2,66.08450715414155,0.3232138390397464,56.8952622580001,73.0,0,0,0,56,True,False,False,False,False,False,False,True,1
35,34,9.57,3,92.3049483735152,0.0327566293922126,84.19785684609994,227.0,14,11,1,79,True,False,False,False,False,True,False,False,0
59,30,6.3,1,94.2358582687908,0.0702627106323652,98.85544002210554,208.0,8,9,1,57,False,True,False,True,False,False,False,False,0
45,14,8.16,1,63.98798583345064,0.2536360388533584,48.12556417087502,61.0,5,10,1,82,False,False,True,True,False,False,False,False,1
38,3,7.08,4,82.19086737500112,0.2204568287013819,67.0993556310867,131.0,10,11,0,82,False,True,False,False,False,False,True,False,2
50,10,7.27,5,83.16226106421792,0.2363376616182181,77.89783749079356,132.0,6,13,1,58,False,False,True,False,False,True,False,False,2
43,22,8.29,1,73.41371913671458,0.2515789069464552,58.72085207128448,75.0,16,2,1,61,False,False,True,True,False,False,False,False,1
37,30,6.97,3,79.89853649106358,0.1826976085994221,66.83131974588007,178.0,0,12,1,94,False,False,True,False,False,False,False,True,2
54,17,9.75,5,90.864457531734,0.0759428704956486,86.28088006035289,227.0,1,5,1,76,True,False,False,False,False,False,False,True,0
25,27,8.59,5,97.94552294421706,0.0040013130535124,86.6461982147992,182.0,13,11,1,75,False,False,True,False,True,False,False,False,0
47,9,7.96,3,95.89133403156038,0.0647669356120825,89.03483507030884,239.0,17,2,1,65,False,False,True,False,True,False,False,False,0
27,19,8.26,2,68.58823661595186,0.3030704245965963,39.67483183835276,78.0,12,8,0,65,False,True,False,False,False,True,False,False,1
29,5,5.76,4,67.75370515503108,0.3294662372885197,39.33037386589005,76.0,2,6,1,92,False,False,True,False,False,False,False,True,1
56,33,6.87,4,86.69749701775433,0.1598712491640927,68.51090592636612,125.0,2,0,0,80,False,False,True,False,False,False,False,True,2
33,12,7.96,5,75.47845824657523,0.1479478093382951,75.39822535789024,177.0,8,7,1,97,True,False,False,False,False,False,False,True,2
25,18,6.77,3,91.6956351857111,0.081741245526911,98.66450122638255,204.0,18,6,0,60,True,False,False,True,False,False,False,False,0
54,17,7.03,3,94.9903617290408,0.0931535049155262,91.66665819977035,205.0,6,9,1,60,False,True,False,False,False,True,False,False,0
51,32,9.08,4,96.08571593173974,0.0970904711449869,87.47211319068118,201.0,1,11,1,80,True,False,False,False,True,False,False,False,0
32,10,5.64,4,92.56150885173749,0.0254609329295305,98.97727691789594,211.0,19,4,0,50,False,True,False,False,False,True,False,False,0
45,22,8.27,1,69.4975040496827,0.3490798623154729,47.82464174911169,68.0,14,14,0,94,False,True,False,True,False,False,False,False,1
34,21,7.37,4,82.76435639764385,0.226476688097926,69.13862467488023,125.0,15,12,1,66,False,False,True,False,False,True,False,False,2
38,28,5.92,3,76.30602338610755,0.2108167043377896,78.23841710319974,122.0,3,0,0,75,False,False,True,True,False,False,False,False,2
41,18,5.02,3,98.78697583826076,0.0356888662280401,85.9977148011161,219.0,12,14,1,75,False,False,True,False,False,False,False,True,0
24,27,6.86,1,63.38108717598486,0.3264584757405347,41.01883861553282,60.0,19,3,0,66,True,False,False,False,False,False,True,False,1
36,28,9.61,1,69.88481360493243,0.3235681612779677,37.47317379748621,111.0,18,4,1,81,False,True,False,False,False,False,False,True,1
24,19,5.81,1,79.23671199114644,0.1918470077270383,68.32832273667272,134.0,12,1,0,72,True,False,False,True,False,False,False,False,2
47,24,8.06,1,72.7712147079944,0.3839193909384829,48.96313324470846,81.0,11,1,0,69,False,True,False,False,False,False,True,False,1
24,29,7.52,4,71.73901386620405,0.3924380151346878,55.21123258976108,61.0,14,7,0,75,True,False,False,False,True,False,False,False,1
24,17,8.74,2,96.09505122449433,0.0367832224320956,88.31322003000898,227.0,10,12,1,51,True,False,False,False,True,False,False,False,0
58,28,7.45,2,84.02541200501199,0.1416800350215841,78.93677956250305,135.0,3,4,0,70,True,False,False,False,False,False,True,False,2
50,18,8.4,3,82.44737978296448,0.1766947036555732,78.13362868679025,167.0,1,7,1,99,False,True,False,False,False,True,False,False,2
41,21,7.78,5,64.52882866300405,0.2534720157872512,44.50967601460465,77.0,11,4,1,64,False,False,True,False,False,True,False,False,1
44,11,7.23,3,82.17220505281654,0.1202861786869752,70.84883985519359,174.0,19,14,1,92,True,False,False,False,True,False,False,False,2
55,17,9.03,2,66.66319104566814,0.2683874734760774,56.91009183587363,107.0,5,2,1,54,False,False,True,False,False,True,False,False,1
41,5,6.84,3,75.28304528206917,0.2006140032567301,68.91636328428459,163.0,9,7,0,74,False,False,True,False,False,False,True,False,2
30,15,6.63,3,90.50520226672334,0.0665849364600128,81.43358759350669,182.0,17,12,1,78,True,False,False,False,True,False,False,False,0
43,29,8.32,4,67.7657115990588,0.2620505299854231,52.914825219910405,72.0,10,4,0,96,False,True,False,False,False,False,True,False,1
29,32,6.19,4,70.42180599649794,0.3751566795484612,40.19741422679761,63.0,16,9,0,91,True,False,False,False,False,False,True,False,1
58,18,9.11,2,88.87479112234722,0.1152928824370416,67.6882555403619,171.0,13,13,1,80,False,True,False,False,False,True,False,False,2
28,31,7.54,3,85.88213806174703,0.2248142104124672,66.8640613797138,122.0,17,14,1,65,False,True,False,False,False,False,False,True,2
33,4,6.6,2,91.3772830151714,0.0612166220723145,83.33091177187603,213.0,5,10,0,52,False,False,True,False,True,False,False,False,0
42,6,7.76,1,67.91101196251371,0.3788008082394244,33.40680106741829,75.0,2,9,1,50,False,False,True,False,False,False,True,False,1
43,22,6.03,1,81.01186301593155,0.1661931704199915,61.246931911379065,169.0,19,10,0,64,True,False,False,True,False,False,False,False,2
32,9,7.45,1,95.12439768743884,0.0545902559266807,80.68522245587009,234.0,19,9,1,95,False,False,True,True,False,False,False,False,0
27,28,6.71,2,81.9583310688809,0.1048095275641812,71.63391448796754,133.0,10,5,0,75,False,False,True,False,True,False,False,False,2
27,30,8.15,5,97.5280899451101,0.0823268653114772,97.5879398661177,204.0,15,11,0,61,False,False,True,True,False,False,False,False,0
22,33,7.06,4,73.52108142149754,0.251235436238794,55.51189545874626,85.0,6,14,0,54,False,True,False,False,False,True,False,False,1
41,20,8.13,3,73.12838316908751,0.2636877488678572,30.565576780705086,90.0,18,9,1,94,False,False,True,False,False,False,False,True,1
48,17,7.62,5,69.87158405294593,0.3775448104857688,42.58806137266343,81.0,1,10,1,58,True,False,False,True,False,False,False,False,1
40,3,6.53,3,60.33838492986905,0.295951686280322,49.3195958477265,106.0,9,10,0,62,False,False,True,False,True,False,False,False,1
33,13,9.68,5,78.83616492539767,0.1472261733113103,62.219278046945085,153.0,8,4,1,53,False,False,True,False,False,False,True,False,2
33,32,7.73,5,87.94527763608234,0.1531369004783866,72.57141080887777,173.0,14,1,0,76,False,False,True,False,False,False,False,True,2
49,34,6.39,1,71.88307753886177,0.2947292316813398,47.35836615459099,100.0,3,11,0,66,False,True,False,False,False,True,False,False,1
47,33,7.26,1,66.55845731921922,0.3397459113544028,30.898147499252797,88.0,3,10,1,85,True,False,False,False,False,True,False,False,1
40,11,7.05,4,86.22446383584065,0.2122415230381563,75.08715189177235,132.0,18,5,1,73,False,False,True,False,False,True,False,False,2
43,7,7.06,3,98.69690201259546,0.0675891888708293,99.87270896985883,222.0,8,13,0,89,True,False,False,False,True,False,False,False,0
59,3,8.5,2,92.23938433309696,0.0853145316558591,85.08070796895016,220.0,16,8,0,68,False,True,False,False,False,False,True,False,0
53,31,6.64,5,61.06220297713666,0.3547323180241709,48.08939352887474,70.0,2,3,1,96,False,False,True,False,False,False,True,False,1
55,25,5.83,1,93.50071312274952,0.0260555965986448,90.93832585564442,199.0,6,0,0,63,False,True,False,False,False,False,True,False,0
37,12,8.08,2,83.09521700637319,0.174719451127597,71.01119101384964,157.0,1,3,1,51,True,False,False,False,False,False,False,True,2
46,23,7.18,1,72.62971133543543,0.3876184332836521,56.98921261504679,65.0,11,3,1,98,True,False,False,False,False,False,True,False,1
22,21,6.83,1,68.3901099283467,0.3214507440241549,57.05254041944868,112.0,12,8,1,92,False,True,False,False,True,False,False,False,1
28,17,7.14,1,69.51969968111067,0.2628626576366656,43.36670241467013,111.0,18,1,0,68,False,True,False,False,False,False,False,True,1
31,30,8.93,4,88.52174285081662,0.2412452278110053,76.43618806970285,143.0,13,12,0,71,True,False,False,False,False,False,False,True,2
52,10,6.22,4,79.14296888572403,0.2075571908060657,61.60114062443454,137.0,2,3,0,99,True,False,False,True,False,False,False,False,2
29,9,7.96,2,87.78822577865826,0.1613838220287693,74.21644061337668,120.0,6,5,0,75,False,True,False,False,False,False,True,False,2
46,11,7.22,5,68.40283565929613,0.3270479007731994,50.14171724708095,78.0,1,12,0,82,True,False,False,False,False,False,True,False,1
44,33,5.69,2,73.86371895620499,0.361650526423255,51.448008200669214,62.0,2,13,1,82,False,False,True,False,False,False,False,True,1
57,22,7.94,5,81.23668756316684,0.2310509090769647,68.77485425665157,170.0,11,10,0,53,True,False,False,False,False,False,True,False,2
37,2,8.77,3,96.53602952535226,0.0838159201401086,90.50404400461592,191.0,16,9,1,73,False,True,False,False,False,True,False,False,0
55,6,5.88,1,97.8654893636501,0.0973877767043639,81.19251048774538,180.0,17,7,0,88,True,False,False,True,False,False,False,False,0
51,11,7.59,1,98.90824131510628,0.0094462425801086,99.77751424275088,236.0,0,8,1,95,True,False,False,False,False,False,True,False,0
44,12,7.34,2,68.23039968701694,0.3252094717892986,55.32814076676038,102.0,18,7,0,54,False,True,False,False,False,False,False,True,1
49,24,6.94,5,88.18286454079283,0.2066694277004634,65.61712830381309,154.0,4,6,1,92,True,False,False,True,False,False,False,False,2
36,13,7.99,3,88.90415745026225,0.2137453925815777,75.07901587085604,142.0,5,7,1,74,False,False,True,False,False,False,True,False,2
22,13,7.9,1,79.42925570342756,0.2459717067140363,63.68062396474966,137.0,1,3,1,58,False,True,False,False,False,False,True,False,2
44,20,6.26,2,65.33540719056539,0.3579205346970072,39.74879481880782,95.0,9,6,0,50,False,False,True,False,False,False,False,True,1
51,18,8.03,2,99.26988474817796,0.0665120178113615,93.81707008679626,185.0,7,14,0,56,True,False,False,False,False,False,False,True,0
47,16,6.32,1,77.47459614392845,0.2297490959544302,70.695096700779,132.0,6,6,1,54,False,False,True,False,False,False,True,False,2
47,1,5.59,4,78.7948818619651,0.1456369467229877,69.77511320048959,164.0,0,1,1,65,False,False,True,False,False,False,False,True,2
53,26,7.0,1,75.62652007496733,0.1444661087169095,65.32254825673222,177.0,9,5,1,94,False,False,True,False,False,False,False,True,2
57,15,6.21,5,63.25182710706701,0.3302201465378752,35.76602737830792,97.0,2,6,0,85,False,True,False,False,False,False,True,False,1
32,16,7.34,4,61.53696135138566,0.3359541940347583,30.6895243667547,66.0,9,3,1,72,False,True,False,False,False,True,False,False,1
42,2,7.9,4,60.12136725783184,0.3891275523561737,31.92241543594996,76.0,0,4,0,96,False,False,True,False,False,False,False,True,1
42,8,7.73,2,70.44033641057665,0.2807907511825988,38.49426665435014,88.0,18,6,0,84,True,False,False,False,False,False,False,True,1
28,8,9.57,2,94.01898707955966,0.0575719305331204,91.66772464655496,218.0,17,4,0,66,False,True,False,True,False,False,False,False,0
33,31,7.89,5,82.18297192008814,0.2221025103279895,74.76034621106734,136.0,9,8,1,78,False,True,False,False,True,False,False,False,2
52,23,8.86,4,70.58107740039424,0.3946575128176056,33.321813688007985,105.0,10,0,0,98,True,False,False,False,False,False,True,False,1
51,15,8.59,1,81.27380179251223,0.2406288980139374,73.99647796915701,147.0,17,7,0,76,False,True,False,False,True,False,False,False,2
26,17,6.91,2,95.95926812116734,0.0644365700492567,95.15019645637013,214.0,12,3,0,89,False,True,False,False,False,False,True,False,0
48,20,8.03,1,94.13926058052589,0.0270058466101555,84.13674221233217,220.0,3,7,1,60,True,False,False,False,False,True,False,False,0
55,15,8.09,5,97.77161196205594,0.0228987185300311,90.53284527050396,208.0,4,0,1,50,False,False,True,True,False,False,False,False,0
47,19,7.61,3,84.28068753282392,0.227880811128395,64.9008506289511,147.0,6,6,1,50,True,False,False,False,False,False,False,True,2
36,17,7.99,3,66.14658084349607,0.2669195378299865,50.47059089576992,71.0,8,4,1,50,False,True,False,False,False,True,False,False,1
42,24,8.81,4,68.2251747119749,0.2592462825155235,57.79782259789853,107.0,6,0,1,78,True,False,False,True,False,False,False,False,1
49,29,8.76,3,85.60456671012344,0.2097557909084727,73.47443337209369,124.0,5,10,1,53,False,False,True,False,True,False,False,False,2
43,10,7.75,4,81.85422634740266,0.1467063163244981,76.5641576494686,174.0,0,9,1,61,True,False,False,False,False,False,True,False,2
23,9,6.2,5,93.94800768462952,0.0953324264887138,89.70263815428669,198.0,12,13,0,99,False,False,True,True,False,False,False,False,0
23,34,8.41,3,97.64244221219812,0.0539615850601837,82.58073575620874,202.0,12,6,0,78,False,False,True,False,False,True,False,False,0
29,33,6.83,2,90.53413763249549,0.0615126582550311,80.94797155862328,231.0,13,6,0,84,False,True,False,False,False,False,True,False,0
59,19,8.03,5,66.18166204431762,0.3917477178333765,34.10672916791908,116.0,4,12,0,62,False,True,False,False,False,True,False,False,1
56,28,8.93,1,79.80221667100835,0.127637421174165,62.02250418782905,138.0,1,6,1,80,False,True,False,False,False,False,False,True,2
44,27,6.96,2,84.01278851341742,0.1499227541637507,74.34257804926266,144.0,2,7,1,75,False,True,False,False,False,False,True,False,2
28,24,7.69,5,65.65807804487879,0.381305689499085,42.04930850418152,110.0,3,7,0,68,False,False,True,False,False,False,True,False,1
42,8,11.25,1,80.44085206558374,0.1623984411962862,74.1867483309461,145.0,12,11,0,87,False,False,True,False,False,False,True,False,2
51,22,4.78,5,81.21522944457406,0.2132640950947219,74.26541624611434,166.0,1,8,0,66,False,False,True,True,False,False,False,False,2
25,19,7.92,2,96.85538620562625,0.0436214417120045,83.89587605287853,183.0,2,1,0,89,True,False,False,False,False,False,False,True,0
25,26,7.62,5,68.38092050361806,0.2938810642722355,49.83290728855263,78.0,9,2,1,87,True,False,False,False,False,False,False,True,1
49,19,7.27,1,99.13578011402694,0.0525360481819498,94.49820543672168,236.0,4,4,1,92,True,False,False,False,False,False,False,True,0
36,12,7.93,4,91.27033575973232,0.005853660008005,86.10826997085502,189.0,15,13,0,96,False,True,False,False,True,False,False,False,0
34,17,7.66,1,88.08718557542899,0.226138576566019,72.22990548318613,123.0,13,13,0,70,True,False,False,False,False,False,True,False,2
47,1,6.89,5,94.29190581960034,0.0304813144645132,85.12975046414309,192.0,12,9,0,69,True,False,False,False,False,False,True,False,0
42,10,9.28,2,93.04367783429552,0.0682493033737148,96.9513809620499,236.0,1,0,0,54,False,False,True,False,True,False,False,False,0
42,28,6.72,5,68.22586481009718,0.3030323281306505,43.99109264105241,118.0,4,4,0,84,False,True,False,False,False,False,True,False,1
24,5,7.37,1,94.49725410592106,0.0543762455918655,82.00463756352572,183.0,11,7,0,69,False,False,True,True,False,False,False,False,0
43,10,6.25,5,76.4074250216857,0.1744329219234886,73.10932278540089,167.0,0,11,1,85,True,False,False,False,False,False,True,False,2
55,1,7.17,2,94.09249573785397,0.0289193151965869,96.17955499227418,182.0,19,7,1,91,False,False,True,False,True,False,False,False,0
56,8,10.5,3,84.54566244846002,0.2490252340593562,64.41437537255635,160.0,16,12,0,57,False,True,False,True,False,False,False,False,2
57,10,7.71,5,93.91771742012004,0.0577122269914442,94.04835056300728,191.0,14,7,0,65,True,False,False,False,False,True,False,False,0
58,25,6.3,2,92.66233494517802,0.051452693658224,82.13770590978122,230.0,11,13,1,88,False,True,False,False,False,True,False,False,0
41,4,7.24,2,95.48951741357828,0.0796656734991143,80.87531694396637,186.0,8,9,0,52,False,False,True,False,True,False,False,False,0
30,34,6.33,5,71.21411540477082,0.3095810956460346,36.15323109443933,111.0,10,1,1,90,False,True,False,False,True,False,False,False,1
35,30,9.29,4,72.61762890915189,0.2745880393070417,41.06085548719058,103.0,4,1,0,75,False,False,True,False,False,False,True,False,1
23,1,7.7,2,71.36774086959994,0.2979282177711214,34.74309611400073,88.0,9,2,0,61,False,False,True,True,False,False,False,False,1
24,11,7.07,5,84.8547879657935,0.1976204035215069,78.38938467210104,136.0,18,10,0,64,False,True,False,False,False,False,False,True,2
55,13,8.5,2,94.0084523565348,0.0206760524069761,83.99370852336358,231.0,19,11,1,56,False,True,False,True,False,False,False,False,0
35,33,10.8,1,62.27715395266969,0.3111610370394579,54.10005308490789,61.0,15,9,0,59,False,True,False,True,False,False,False,False,1
39,10,9.35,1,79.74510707911837,0.2229000628448291,62.483266821217946,172.0,1,5,1,67,False,True,False,False,True,False,False,False,2
37,22,8.5,4,92.83016965883768,0.0437963963962568,87.09990082076708,239.0,14,8,1,70,False,True,False,True,False,False,False,False,0
37,22,8.09,5,99.1903827702867,0.0899909543354671,88.96321746738005,220.0,6,3,0,82,True,False,False,False,False,False,True,False,0
49,11,6.75,5,66.60712312057412,0.3861835900619249,40.53248668663463,83.0,7,11,0,99,False,True,False,False,False,False,False,True,1
41,21,5.97,5,94.63547839258922,0.0470324047937206,97.47150611519469,220.0,11,6,1,97,False,True,False,False,False,False,False,True,0
45,22,7.43,5,62.83719690786604,0.3163231170679874,31.648376550659265,92.0,11,2,1,53,False,True,False,False,False,False,False,True,1
41,1,8.6,2,98.90826753574268,0.0976490034044249,94.00429317690669,216.0,14,5,0,76,True,False,False,False,False,False,False,True,0
55,9,9.46,2,65.21240730883972,0.2920079808424834,37.93731825516928,68.0,15,12,1,90,True,False,False,True,False,False,False,False,1
42,24,8.19,5,96.34534933366108,0.0532711622038985,87.85052396835654,192.0,15,8,1,80,False,False,True,False,False,True,False,False,0
38,34,7.93,2,94.16834615222794,0.0560209402740945,88.58642683935273,225.0,18,10,0,87,False,True,False,True,False,False,False,False,0
50,31,8.23,4,86.6296544727722,0.1216155944549449,78.5188898053352,131.0,10,7,1,87,False,True,False,True,False,False,False,False,2
28,21,7.84,2,91.45491447247826,0.0837330153933041,80.31125092517432,220.0,11,1,1,73,True,False,False,True,False,False,False,False,0
22,16,7.37,1,86.16559470581323,0.1806879289493864,65.88395720794608,147.0,12,5,0,57,False,True,False,False,False,False,True,False,2
43,1,7.67,5,97.4273072945409,0.0414308312334173,89.47138997149293,191.0,9,10,0,62,False,False,True,False,False,False,False,True,0
58,18,7.5,2,67.84338049296274,0.2882505478751613,37.61395667058001,100.0,6,10,0,77,False,False,True,True,False,False,False,False,1
25,21,8.83,1,63.40582318258978,0.3816061780812087,51.544352878657946,94.0,13,5,1,82,False,False,True,False,True,False,False,False,1
52,12,7.03,4,83.65261150773233,0.1094642021774823,62.049259746916775,135.0,1,3,0,81,True,False,False,False,True,False,False,False,2
38,22,8.11,5,99.43633670648497,0.0693466905964027,98.80802744524372,231.0,2,5,0,85,True,False,False,False,False,True,False,False,0
37,25,7.43,5,65.11035425654352,0.3856710890921931,44.593622016197415,74.0,17,7,0,71,True,False,False,False,True,False,False,False,1
23,15,7.7,4,61.545732967474166,0.3129270564006275,39.17855159861599,86.0,13,0,0,63,False,False,True,False,False,True,False,False,1
42,23,6.66,4,68.72426455242412,0.3203934866406224,33.38148602643522,94.0,11,5,1,85,False,False,True,False,False,False,False,True,1
45,3,7.95,4,65.57134278681866,0.2965220831636203,43.08876502946882,87.0,15,10,1,98,True,False,False,False,False,True,False,False,1
29,18,7.11,1,98.91455064556372,0.0165877924662535,82.99017279041392,217.0,11,10,1,80,True,False,False,False,False,False,False,True,0
26,10,7.19,2,76.00031932853192,0.1048690212643414,74.14658028498701,165.0,12,0,0,96,False,True,False,False,False,False,False,True,2
35,11,8.39,4,77.44924419167441,0.1894578127604844,75.87815915666116,127.0,3,0,0,62,False,False,True,False,False,True,False,False,2
45,27,7.23,4,93.27440562954068,0.0135832428413265,84.73851841462894,188.0,16,8,1,82,True,False,False,False,True,False,False,False,0
43,1,7.12,1,94.32851106795673,0.0197670936874268,90.9696717149825,229.0,7,11,0,56,False,True,False,False,False,True,False,False,0
56,28,8.85,3,71.62045757079305,0.2573910480374157,54.72072768361432,76.0,17,1,0,87,False,False,True,False,True,False,False,False,1
42,27,6.12,2,94.5442231915954,0.074514480982782,84.27134600672385,199.0,17,8,1,55,False,True,False,False,False,False,True,False,0
34,29,7.98,5,78.68862823971388,0.1056730204828053,62.337990348216174,160.0,5,11,0,81,True,False,False,False,True,False,False,False,2
52,13,6.45,5,78.44779027744443,0.2355111633794189,61.98305770357375,120.0,4,6,0,97,False,False,True,True,False,False,False,False,2
24,10,8.55,1,91.90383271060972,0.0940946193270654,90.4229781101018,220.0,8,13,0,98,True,False,False,True,False,False,False,False,0
34,30,6.37,2,82.15035061308704,0.1682523157696671,74.57619466654269,164.0,18,11,1,78,True,False,False,False,False,False,False,True,2
25,13,6.8,1,84.08712842826438,0.1525354921490615,77.42487159826409,132.0,1,9,0,76,True,False,False,False,False,True,False,False,2
52,32,8.62,1,88.55229345718679,0.205442132292536,62.59772325109585,135.0,12,10,0,95,True,False,False,False,False,False,True,False,2
30,6,5.27,1,96.59375187419494,0.0316747183257435,94.99505757394076,229.0,2,3,1,67,False,True,False,False,True,False,False,False,0
29,4,7.0,4,67.21118126640499,0.3528560843929114,48.8364405008963,81.0,16,0,0,94,False,False,True,True,False,False,False,False,1
45,1,7.03,1,88.78218735016716,0.1446631230508366,71.3943838547539,162.0,15,13,1,86,True,False,False,False,True,False,False,False,2
37,18,9.38,3,84.70160511283134,0.1007538255047967,68.12864567612675,127.0,17,13,1,65,False,False,True,False,False,False,True,False,2
38,6,7.98,3,60.89475849328797,0.2748991691012687,38.72761601593606,62.0,19,5,0,87,True,False,False,True,False,False,False,False,1
57,1,8.24,2,73.47898731173025,0.2689983809270791,42.19827686948577,100.0,7,4,1,97,True,False,False,False,False,False,True,False,1
42,31,8.05,5,91.49268012669248,0.0240996257995917,98.7225114308027,237.0,6,0,1,76,False,False,True,True,False,False,False,False,0
56,17,6.7,2,95.66443685086628,0.0471756309390874,89.91638945297078,214.0,14,13,1,66,False,False,True,False,False,False,True,False,0
56,2,8.2,1,72.12018131949512,0.3586633510403972,41.71051915217748,111.0,19,14,0,91,False,True,False,False,False,True,False,False,1
22,3,7.51,2,90.86747767803972,0.0337002791337258,82.58008350046518,218.0,9,12,0,94,True,False,False,False,False,False,False,True,0
59,20,8.44,2,99.40397033945544,0.0260666382562101,97.06692995217448,206.0,14,3,1,68,True,False,False,False,True,False,False,False,0
50,8,7.62,2,79.80361722983812,0.1362858658887636,67.57153854727562,128.0,18,2,1,80,False,False,True,False,False,True,False,False,2
24,30,6.49,5,92.15022569356184,0.0204593614291775,83.6301592324299,222.0,8,0,1,65,False,False,True,False,False,False,False,True,0
37,29,6.91,1,96.42209637002698,0.0245631574048814,82.1855889073632,200.0,10,10,1,57,False,False,True,False,True,False,False,False,0
28,14,7.08,1,90.02454586443844,0.0415711309149848,94.5663102098747,201.0,4,7,0,87,False,False,True,False,False,False,True,False,0
47,24,9.46,4,97.61458833436158,0.0423386749067461,80.09008961960578,203.0,6,1,1,75,True,False,False,False,True,False,False,False,0
23,1,7.35,3,70.23709553822545,0.3807977644367435,32.84367760831127,112.0,4,0,0,86,True,False,False,False,False,False,True,False,1
55,14,10.8,2,91.04480316753958,0.0720267923947395,93.74566008826255,208.0,18,6,0,74,True,False,False,False,True,False,False,False,0
56,7,8.46,2,92.73914870629903,0.0199872974649443,84.63719227765696,230.0,17,9,0,63,True,False,False,False,False,False,False,True,0
42,32,7.7,3,77.2314637204849,0.1066138324596298,67.48576264654805,174.0,8,8,0,63,True,False,False,True,False,False,False,False,2
42,32,7.3,2,97.84536518684897,0.0093297855476743,90.41748073269773,239.0,8,10,1,80,False,True,False,False,True,False,False,False,0
31,1,7.07,1,86.35159358707179,0.2471479454198024,77.60440783426853,148.0,19,2,1,64,True,False,False,False,False,False,False,True,2
42,33,5.68,4,82.27997373651691,0.218191138100935,64.3290205734535,158.0,10,2,1,65,True,False,False,False,True,False,False,False,2
36,8,5.92,2,76.57505786533328,0.1142326345221362,66.32714502799264,150.0,15,11,0,80,False,False,True,False,False,False,True,False,2
31,23,7.06,2,63.9879374725486,0.3257746027439972,45.4085929875221,73.0,19,12,0,50,False,True,False,True,False,False,False,False,1
35,1,7.57,2,61.31837577546132,0.2900994322544015,48.2832906200303,103.0,15,0,1,97,False,False,True,False,False,False,True,False,1
50,25,7.4,5,79.09224265176772,0.2216630869300387,61.66393589490732,135.0,9,1,0,77,False,True,False,False,False,False,True,False,2
42,25,7.11,2,93.64202222649516,0.0209931831673484,95.52303728211244,190.0,8,14,1,54,False,False,True,False,False,True,False,False,0
56,21,6.98,1,65.56118541392726,0.3356980023149654,57.640613762730986,93.0,16,5,0,91,True,False,False,False,False,False,False,True,1
48,27,7.29,2,73.0348264324208,0.3435157200541168,39.96577194491656,115.0,12,6,0,58,True,False,False,False,False,False,False,True,1
56,5,5.7,1,90.52087906927152,0.043604158291295,92.46294734671912,225.0,1,6,1,94,False,False,True,False,False,False,True,False,0
23,32,8.23,1,93.56899887174755,0.0108289356482916,88.41754499486413,218.0,13,0,0,76,False,False,True,False,False,False,False,True,0
37,8,7.72,2,83.87677078415376,0.214133720944186,78.73453063573217,154.0,6,3,0,54,False,False,True,False,False,False,True,False,2
40,28,8.88,4,73.03773278361874,0.3096817881216053,57.63746910517284,109.0,16,11,0,97,True,False,False,False,False,False,False,True,1
55,14,8.5,2,64.66321983873868,0.3139818547915114,34.03960399280592,60.0,16,6,1,81,True,False,False,False,False,False,True,False,1
31,32,5.69,3,82.82071271612665,0.2355426804698066,62.1089014645144,125.0,11,14,1,56,False,False,True,False,True,False,False,False,2
28,13,9.38,3,72.98585888346659,0.2961586284046557,33.23622381823335,113.0,2,10,1,93,False,False,True,False,True,False,False,False,1
44,32,7.33,5,69.78892148552328,0.3467190403691124,41.9134686088559,91.0,4,3,0,92,False,True,False,False,True,False,False,False,1
40,16,6.62,3,68.85747848777903,0.3964020888398191,39.00742817046456,105.0,19,14,1,66,False,False,True,True,False,False,False,False,1
33,18,8.05,5,97.67278301053648,0.0905373188262427,88.18941483777554,200.0,4,7,1,86,True,False,False,False,True,False,False,False,0
36,14,6.25,4,92.37254363657138,0.0262633612366073,90.08842079430426,206.0,10,13,1,99,True,False,False,False,False,True,False,False,0
54,10,9.27,3,90.03767694550532,0.0631377436395429,91.93032001397262,217.0,8,7,1,99,False,False,True,True,False,False,False,False,0
30,8,7.38,2,67.0041702415159,0.3518351263345311,41.36706446795942,92.0,4,4,0,81,False,False,True,False,False,False,False,True,1
38,19,7.12,5,95.52841795984769,0.025324536304025,99.11242759562712,228.0,17,3,0,67,True,False,False,False,True,False,False,False,0
33,14,7.57,2,98.29195141015938,0.0399832459350205,80.68089012400529,187.0,5,12,0,96,False,True,False,True,False,False,False,False,0
33,21,8.38,1,78.18008724371725,0.1584439026037015,71.52269773532737,141.0,3,13,1,74,False,False,True,False,True,False,False,False,2
26,10,8.95,4,83.78355177442185,0.1389325649909624,65.55542945310707,169.0,3,1,0,59,False,True,False,True,False,False,False,False,2
50,32,8.36,2,91.10586343963956,0.0627732735562265,83.73492569194654,226.0,2,6,1,92,True,False,False,False,False,False,True,False,0
44,12,7.68,5,83.86949411062639,0.1372803615890639,65.77894983522384,166.0,16,0,1,66,False,True,False,False,False,False,True,False,2
54,26,8.1,3,61.5205036328509,0.3209190017952374,49.63669716864315,98.0,13,4,1,82,False,False,True,False,False,False,False,True,1
53,12,7.66,3,82.60096944739698,0.1390094122063286,71.16611242363656,152.0,2,7,0,55,True,False,False,False,True,False,False,False,2
30,2,7.31,4,99.61020935765214,0.0013076534174614,83.43401673100618,202.0,5,9,1,58,False,True,False,False,False,False,True,False,0
56,34,9.48,2,94.76753875508328,0.0270674605965289,80.58341337148148,197.0,17,7,0,64,True,False,False,False,False,False,True,False,0
31,4,8.84,5,98.15487765580136,0.0494754240435703,82.67521390154005,208.0,9,0,0,65,False,False,True,False,False,False,False,True,0
56,34,8.69,1,69.23749179770752,0.2978612458481089,52.24820052370619,85.0,4,7,1,54,False,True,False,False,False,True,False,False,1
22,1,7.99,3,64.04849555399021,0.2964647971214355,45.13464939589687,75.0,6,3,0,61,False,True,False,False,False,False,True,False,1
53,26,7.18,1,79.78396631078364,0.2025549318586931,60.37398109224686,120.0,3,11,1,72,True,False,False,False,False,False,False,True,2
37,30,7.74,1,73.80494472293442,0.3454643115629274,54.18923591472343,91.0,6,2,0,74,False,True,False,False,False,False,True,False,1
49,21,7.98,1,63.21583241506988,0.2859563617363667,40.80554800373531,111.0,9,14,1,68,False,False,True,False,False,False,True,False,1
38,13,7.13,5,97.36685875869364,0.0297317709512046,81.17125421040957,206.0,12,14,0,94,False,False,True,False,False,False,True,False,0
41,24,7.37,2,95.75520216966125,0.0925264641656964,82.93793137755559,191.0,3,12,1,54,False,False,True,True,False,False,False,False,0
29,17,8.66,3,63.89851407281484,0.3844709285888943,48.450346031411,110.0,3,5,0,55,False,False,True,True,False,False,False,False,1
55,27,4.77,5,73.23164510279564,0.2821687343986242,32.15061406744689,100.0,18,12,1,58,True,False,False,False,False,True,False,False,1
26,9,8.03,3,87.31792867254202,0.1486991900777791,67.52847496620876,170.0,19,6,0,59,False,False,True,True,False,False,False,False,2
42,11,7.48,2,94.81539447696576,0.0531391793138437,86.05495140942465,189.0,14,7,1,63,False,True,False,False,True,False,False,False,0
56,1,9.26,1,77.18286510269039,0.1662772130760785,69.62105699436898,164.0,6,5,1,80,False,False,True,False,True,False,False,False,2
45,4,7.39,2,86.9712412946845,0.19872437147895,68.25404192790089,162.0,17,11,1,65,False,False,True,True,False,False,False,False,2
24,4,6.05,4,66.52824185974657,0.3790977831081425,45.13287352354862,88.0,17,11,0,71,False,True,False,False,False,False,True,False,1
59,28,5.99,2,81.43276621470231,0.2487668317502039,64.31083238125595,160.0,14,2,1,65,False,True,False,False,False,False,True,False,2
52,28,7.66,1,64.5247169145407,0.2978045885928096,43.00773393168532,99.0,0,3,1,72,False,False,True,True,False,False,False,False,1
41,20,6.58,3,91.08145942337198,0.0506501201036925,81.71621543418878,236.0,11,0,1,75,False,False,True,False,False,False,False,True,0
29,31,6.0,2,82.88218120440328,0.1534932698239078,65.47585118315074,142.0,11,4,1,75,False,False,True,False,True,False,False,False,2
56,8,5.05,1,88.48018691602533,0.188420620463987,68.9522786281847,154.0,16,8,0,52,True,False,False,False,False,False,True,False,2
28,10,7.46,4,75.27045764948076,0.1753018936599625,71.17784761823123,138.0,5,10,1,66,False,True,False,False,False,False,False,True,2
34,26,6.38,5,62.35064475242925,0.3129309466790068,44.06660459772299,116.0,5,4,0,79,False,True,False,True,False,False,False,False,1
56,2,7.39,2,94.45106663717992,0.0113135937674023,87.02757933516217,185.0,18,3,0,68,True,False,False,True,False,False,False,False,0
52,4,6.0,5,62.9683899070312,0.254431295291724,42.58412223930984,91.0,19,4,0,68,False,False,True,False,False,True,False,False,1
54,6,7.74,5,62.68788730323106,0.2837312637708544,37.874798291384735,102.0,12,5,1,81,True,False,False,False,True,False,False,False,1
36,21,7.93,2,84.33058274475187,0.1202080667635995,67.75183818592215,139.0,19,5,1,59,False,True,False,False,True,False,False,False,2
30,19,8.81,2,97.6424562085238,0.0582553837041994,81.42013560445177,232.0,11,11,0,74,False,True,False,False,False,False,True,False,0
42,15,6.15,3,94.76567943580018,0.0296065510038947,90.29858990784966,200.0,11,6,0,93,False,True,False,False,False,False,False,True,0
35,10,6.67,2,84.1041576370291,0.1493508594493349,67.43763114509495,152.0,8,10,1,80,True,False,False,True,False,False,False,False,2
27,6,6.18,5,94.9786918051432,0.0841808709028819,96.02704116540497,208.0,11,2,1,98,False,True,False,False,False,True,False,False,0
40,17,9.72,1,90.88006027511452,0.0893534583498437,87.78532793618096,213.0,3,3,1,95,False,True,False,False,True,False,False,False,0
36,2,7.97,2,70.031750956906,0.3396894140229745,36.14217936886489,110.0,7,4,0,71,True,False,False,False,False,False,True,False,1
51,7,7.98,2,70.0470382087984,0.3632468099723744,32.58029054021081,97.0,16,8,0,60,False,True,False,False,True,False,False,False,1
36,3,7.33,3,66.89530595628712,0.3872329225182256,44.18669902143785,105.0,12,8,0,52,False,True,False,False,False,False,True,False,1
49,7,5.79,1,85.66439789057323,0.1087445805793535,78.97000344455171,155.0,15,10,0,52,False,True,False,False,False,False,False,True,2
48,24,8.74,2,97.77680376274893,0.0738801383268189,97.85929183409657,215.0,12,9,0,87,True,False,False,False,False,True,False,False,0
53,8,7.85,4,91.9177345829367,0.0050064527093294,97.472676452694,187.0,8,7,0,80,False,False,True,False,False,True,False,False,0
34,28,7.4,5,92.42183445593768,0.0171709988973688,90.5966777792414,197.0,16,6,1,90,True,False,False,False,False,True,False,False,0
48,23,5.42,1,68.39606615554388,0.2766358003947426,38.80825958356782,109.0,4,7,0,74,False,False,True,False,False,False,False,True,1
41,12,8.7,3,68.80209941835815,0.3330592347097542,58.606006536003775,61.0,0,11,1,84,False,True,False,False,False,False,False,True,1
56,19,6.1,2,65.05046843077292,0.3503996768054108,48.34520478084492,68.0,8,1,0,79,True,False,False,False,False,False,False,True,1
42,31,8.19,2,69.64966289652337,0.3908663831099034,37.24996332149112,63.0,5,3,0,99,False,False,True,False,False,True,False,False,1
39,34,8.63,1,76.85645587045535,0.135009440418719,68.61404150647898,140.0,9,8,0,88,False,True,False,False,False,True,False,False,2
27,28,6.73,5,95.56798384373172,0.0708728579904899,82.68862165671467,194.0,12,7,1,92,False,False,True,False,False,True,False,False,0
27,14,8.5,4,76.15733853181159,0.1189254385223105,63.52282453871631,161.0,19,13,1,84,False,True,False,True,False,False,False,False,2
40,27,10.44,2,65.03879650701509,0.3501709329979925,31.17728357376883,94.0,17,0,0,58,False,False,True,False,False,True,False,False,1
28,6,7.77,4,86.93006846920017,0.1838778819969772,70.1105220520647,176.0,8,5,0,86,True,False,False,True,False,False,False,False,2
47,23,9.46,2,78.96615139196783,0.1000364401651769,62.41178509580935,145.0,11,4,0,79,True,False,False,False,False,True,False,False,2
46,12,8.75,3,82.6103380487581,0.1980666884434234,67.35395022676285,123.0,18,2,1,83,True,False,False,False,True,False,False,False,2
23,17,7.86,2,97.930103076256,0.0132643874453965,90.37277381332024,227.0,6,12,1,67,False,True,False,True,False,False,False,False,0
59,21,6.6,3,96.70826680775936,0.0703093903759432,85.82968273685073,223.0,12,4,1,92,False,True,False,True,False,False,False,False,0
35,26,8.27,5,76.54551927949908,0.1701703618056008,61.3465623124426,122.0,15,13,0,75,True,False,False,False,False,False,False,True,2
27,11,8.26,2,90.11897832245155,0.0293155942253301,80.11848130908005,205.0,6,9,1,99,False,True,False,False,False,False,False,True,0
22,12,8.96,4,70.24622554287808,0.3075686883860271,57.40404484556221,96.0,8,14,0,67,False,False,True,False,False,False,False,True,1
34,18,8.34,3,91.3411962270979,0.005640135776079,97.36594036322656,236.0,13,2,0,90,False,True,False,False,True,False,False,False,0
43,28,8.42,1,88.38427594681194,0.1322102687682345,69.8166209370336,137.0,9,14,1,73,True,False,False,False,False,False,True,False,2
24,17,7.66,3,86.10211422771553,0.2383653416505655,72.65913260149611,174.0,4,5,0,90,True,False,False,False,True,False,False,False,2
36,20,7.41,2,90.66627998410377,0.0976079686221467,99.13983537740884,218.0,12,10,1,74,False,True,False,True,False,False,False,False,0
45,20,7.57,2,82.8475509338348,0.149811083623573,62.94389392142078,156.0,3,5,0,58,False,False,True,False,False,False,False,True,2
52,34,5.66,2,90.36207261487384,0.0551141336194733,94.1736167702381,185.0,17,8,1,80,False,False,True,False,True,False,False,False,0
43,29,5.74,1,85.44756852090288,0.1906919070257832,73.04096552499492,156.0,1,2,1,54,True,False,False,False,False,True,False,False,2
35,28,5.42,3,84.85997977830985,0.1379213366947473,74.41669768282483,140.0,17,2,0,55,True,False,False,False,True,False,False,False,2
53,26,5.87,2,73.73583673996171,0.3638542072076804,44.83295035686312,105.0,4,9,1,74,True,False,False,True,False,False,False,False,1
27,7,6.87,4,94.03756610478348,0.020774927301219,92.97493874473308,193.0,14,12,0,53,False,True,False,True,False,False,False,False,0
32,2,4.26,3,96.57065182532943,0.0732304192219465,87.10810813524671,187.0,11,8,0,82,True,False,False,False,False,True,False,False,0
40,23,6.66,2,84.4274807064177,0.2336923997241625,75.27380946596982,167.0,13,9,1,82,True,False,False,False,False,True,False,False,2
34,3,7.87,4,87.11981389253606,0.1048164370723087,72.2334906235474,163.0,2,7,1,55,True,False,False,False,False,False,False,True,2
42,26,6.59,5,78.40155841836399,0.1963463433686527,65.24563568129598,173.0,11,9,1,52,True,False,False,False,True,False,False,False,2
33,13,5.08,5,84.07492848427978,0.1619791718204196,67.7067684148534,163.0,2,13,0,74,False,True,False,False,True,False,False,False,2
56,16,8.02,4,63.02313485628189,0.2691780726863043,39.05977103270932,83.0,2,2,0,76,False,False,True,True,False,False,False,False,1
25,22,7.26,5,62.63479974351807,0.292791699541132,43.80187422358394,118.0,0,5,0,64,False,False,True,False,False,False,False,True,1
36,3,6.4,4,63.09732947729357,0.3515610568987672,52.394968000905024,61.0,9,5,0,51,False,True,False,False,True,False,False,False,1
42,6,7.97,5,92.55984953790778,0.0660647889138567,87.29083940177773,202.0,19,5,1,90,True,False,False,False,False,False,False,True,0
58,23,6.69,3,93.3011179785524,0.0322297473402908,91.15605362418292,185.0,6,4,0,72,True,False,False,False,False,False,True,False,0
30,13,9.7,2,97.52981617296116,0.0106368166385243,81.64698287928572,225.0,17,11,0,75,True,False,False,False,False,False,True,False,0
28,19,8.15,2,87.36367169344685,0.1865562792985037,66.72637312260821,172.0,16,6,1,54,False,False,True,False,False,False,True,False,2
29,11,7.42,3,91.3351555135282,0.0047957732436987,95.5081902918499,222.0,18,9,1,96,False,True,False,False,False,False,True,False,0
25,30,6.13,2,94.165922277842,0.0648527026824202,86.18864941938966,218.0,11,8,1,61,True,False,False,False,False,True,False,False,0
32,2,8.14,3,84.9053194656926,0.1046762363667881,76.5337371193526,178.0,14,2,1,67,False,True,False,False,False,False,False,True,2
38,10,4.69,3,96.59378928601464,0.0349160386565749,93.40639267963086,192.0,18,7,0,57,True,False,False,False,False,False,True,False,0
42,6,8.52,5,99.53920803846722,0.0814208767054663,98.07963393178572,215.0,9,8,0,68,False,True,False,False,False,True,False,False,0
49,2,8.37,5,78.72928698002033,0.2349179626830752,77.61996177976951,131.0,5,0,0,61,True,False,False,False,False,False,False,True,2
53,32,7.39,4,69.02388416484551,0.3592529256214843,43.86481354572842,111.0,4,7,0,58,True,False,False,False,False,False,False,True,1
29,4,8.35,4,87.44379516433945,0.1072486613283095,70.70186103268799,173.0,16,5,0,73,True,False,False,False,True,False,False,False,2
56,29,5.4,2,73.66428220534291,0.3810333364340633,39.55196394399231,109.0,16,2,1,88,False,False,True,True,False,False,False,False,1
42,25,7.76,1,79.98184275742959,0.1374814315248216,71.70813052958864,135.0,1,11,0,54,False,True,False,False,False,False,False,True,2
39,21,8.6,5,72.1299836405826,0.2549984799159263,56.47083417620924,100.0,12,14,1,63,False,True,False,False,False,False,False,True,1
38,18,7.69,5,84.11847856116735,0.1303693275458247,76.91218758988637,137.0,0,1,1,53,False,True,False,False,False,False,False,True,2
49,3,9.14,2,91.72820051456452,0.0344505893394063,81.23086068269674,205.0,8,11,1,79,False,True,False,False,False,True,False,False,0
32,18,7.42,5,83.15053030602496,0.1373224473007333,72.56343428197545,146.0,3,14,0,87,False,False,True,False,False,False,True,False,2
52,33,9.17,1,68.62713952249734,0.3143087712627222,35.28772032376837,76.0,17,7,1,53,False,True,False,True,False,False,False,False,1
44,2,5.57,5,92.27632535819392,0.0524436345857749,96.12193495921495,223.0,16,2,0,75,True,False,False,False,False,False,False,True,0
32,34,9.17,3,75.91001104528443,0.2237962603634473,62.39287217990251,163.0,1,14,0,97,False,False,True,False,True,False,False,False,2
58,21,6.23,3,94.24830736643312,0.041705320370292,93.27596784085335,233.0,15,13,1,51,False,False,True,False,False,True,False,False,0
49,33,6.88,1,78.69145642033685,0.1097508234116209,67.00870274152624,138.0,7,12,1,57,False,False,True,False,False,False,False,True,2
53,10,7.42,4,85.52626742116867,0.1210096839038404,66.61721769190063,162.0,8,6,0,80,False,False,True,True,False,False,False,False,2
40,5,7.24,3,97.17760544816232,0.067981812521997,96.618449816437,192.0,17,14,0,58,True,False,False,False,False,False,False,True,0
45,30,9.69,2,67.57626182740921,0.2632730343548521,30.765124922160613,92.0,9,0,0,98,True,False,False,False,False,False,True,False,1
32,33,7.89,1,86.4564129631598,0.19612812046234,65.89756381062105,161.0,5,12,1,82,False,False,True,False,False,False,False,True,2
24,17,7.33,5,75.33565626327145,0.1469538032052372,75.5774948030131,132.0,8,13,0,82,True,False,False,False,False,False,False,True,2
35,5,7.64,3,93.88656001543514,0.0432967546999053,82.88271327978791,195.0,17,1,1,93,False,False,True,False,False,False,True,False,0
39,20,7.66,5,73.34355519394703,0.2581201612603481,47.30884896275023,80.0,2,2,0,65,True,False,False,False,False,False,False,True,1
25,18,7.23,4,96.1909309527112,0.0143691607261733,90.44746527933604,185.0,4,9,0,74,True,False,False,False,False,True,False,False,0
36,10,8.58,3,62.89780824200167,0.3877289737692554,53.64022672712679,75.0,12,14,0,92,False,True,False,False,False,True,False,False,1
41,16,8.38,2,71.59497861041231,0.2755795584090663,56.02515245226704,112.0,4,1,1,62,True,False,False,False,False,False,False,True,1
35,13,9.04,2,83.12867664675295,0.2159635212425668,66.32078674407616,120.0,9,1,1,67,False,False,True,False,False,True,False,False,2
44,22,7.24,3,77.39854362236125,0.2001402570374852,71.5794606492183,171.0,1,10,0,86,False,False,True,True,False,False,False,False,2
55,24,6.93,2,91.72194267425756,0.0270963207871219,85.71253199367155,186.0,7,4,0,95,False,True,False,False,False,False,True,False,0
43,26,5.46,5,73.51914444672977,0.2522284183761256,43.952645062688525,108.0,12,11,0,53,False,True,False,False,False,False,True,False,1
34,7,9.05,5,63.38243446856056,0.3508300995347668,35.706004552478014,118.0,8,2,1,73,True,False,False,False,True,False,False,False,1
59,9,7.18,3,71.39062016373006,0.2553649364522403,45.318571624087554,106.0,7,4,1,80,False,True,False,True,False,False,False,False,1
55,8,7.19,3,64.20042672833695,0.2922479514526696,47.522945799632126,94.0,12,7,0,78,False,True,False,False,False,False,True,False,1
32,12,8.48,3,98.09674258088071,0.0695677663215339,95.3156858543145,222.0,11,12,1,53,False,False,True,False,False,False,True,False,0
34,18,7.67,3,90.51882077593991,0.0942233719491166,90.54451956500968,191.0,2,0,0,94,False,False,True,False,True,False,False,False,0
42,5,6.21,5,80.71147643088017,0.1486831164596389,74.85205485756155,142.0,18,14,0,55,False,True,False,False,False,True,False,False,2
59,27,7.99,5,66.95413356537449,0.3400021716220953,35.243735891069456,74.0,13,6,1,68,False,True,False,True,False,False,False,False,1
38,5,7.19,5,64.95027604340245,0.3695732658723748,42.84265572678111,70.0,11,12,0,57,False,False,True,False,False,True,False,False,1
54,12,7.7,2,85.64986728461453,0.1224794198329827,70.86474665247113,133.0,4,11,1,75,True,False,False,True,False,False,False,False,2
38,33,6.11,4,72.21603627016702,0.3261455083984521,53.431004988561966,66.0,11,13,1,58,False,False,True,True,False,False,False,False,1
24,32,7.88,5,84.57380242903506,0.2188066886573441,65.56208942308004,172.0,19,5,1,77,True,False,False,False,False,False,True,False,2
24,20,6.45,2,92.92441804589517,0.0798272996546305,95.6667338384924,220.0,6,12,1,90,False,True,False,False,False,True,False,False,0
44,19,7.73,2,87.74484884832117,0.1490111593716057,69.4758769367467,167.0,1,8,0,83,True,False,False,False,False,True,False,False,2
29,28,8.35,1,75.28688865629164,0.1025210919731713,69.88404108637975,122.0,1,14,1,76,False,True,False,False,False,False,True,False,2
25,11,5.11,1,79.32975356099574,0.1175318140886408,78.73131036780781,151.0,8,1,0,70,True,False,False,False,False,False,True,False,2
35,25,8.14,2,73.25856389402102,0.325731222264296,55.72608886304144,85.0,1,2,1,91,True,False,False,False,False,False,True,False,1
26,24,8.4,3,88.00965365277048,0.1455179824674409,76.41478034173915,141.0,14,13,0,84,False,True,False,True,False,False,False,False,2
56,23,7.54,2,81.10742227710044,0.2457926267889708,60.71349408114087,174.0,16,1,0,61,False,False,True,True,False,False,False,False,2
35,5,5.96,4,69.98239483204735,0.2560417244103082,41.20605129308686,74.0,13,6,1,92,False,True,False,False,False,False,True,False,1
51,12,8.78,2,77.94884411184022,0.2423268757700591,66.37527790154418,169.0,15,10,1,61,True,False,False,False,False,False,True,False,2
31,27,7.71,5,95.65644882384788,0.0142061609443062,94.09591672264374,228.0,15,9,0,90,True,False,False,False,False,False,True,False,0
58,11,7.83,1,67.6723009612079,0.355410744893438,52.98839876764179,63.0,9,14,0,77,True,False,False,False,False,False,False,True,1
34,3,5.77,1,84.4994397502209,0.1015110492989847,69.13935681620877,139.0,19,11,0,96,False,True,False,False,True,False,False,False,2
28,24,7.51,4,77.76239558806483,0.147588282467455,65.35666148327965,172.0,2,11,0,79,False,False,True,True,False,False,False,False,2
33,7,7.84,3,78.87835628417474,0.2293502374659597,65.38576183601751,138.0,9,11,0,50,False,True,False,True,False,False,False,False,2
27,21,9.52,1,85.3852906534464,0.2135057365167204,72.67120234699999,171.0,1,5,1,91,False,False,True,False,True,False,False,False,2
48,30,6.7,1,80.90456972397874,0.1220202447630994,69.10088473914689,125.0,0,10,1,72,False,True,False,True,False,False,False,False,2
44,27,9.47,3,93.16104887940897,0.0424492832676535,86.18648448716446,233.0,3,14,0,83,False,True,False,False,True,False,False,False,0
37,8,9.45,1,66.59067349342644,0.3817172795478552,46.98971155056188,64.0,10,13,0,50,False,False,True,False,False,False,True,False,1
35,11,8.39,2,80.08981417487617,0.1797228890956757,76.56545867116795,148.0,10,5,0,79,False,True,False,True,False,False,False,False,2
37,5,6.46,1,61.61725060149775,0.3954041867493664,57.8291584599022,102.0,2,14,0,87,False,True,False,False,False,False,True,False,1
46,31,9.16,3,86.84042829656069,0.1519399076181895,72.4378026767938,163.0,2,11,1,80,False,True,False,False,True,False,False,False,2
58,27,6.64,4,93.66493579161164,0.0559574841955873,93.31018817514428,205.0,17,8,0,91,True,False,False,False,False,False,False,True,0
58,18,9.22,5,64.49430136784254,0.2837425065815551,55.457132868813545,89.0,3,8,0,62,True,False,False,False,False,True,False,False,1
30,21,6.89,5,81.00130754145279,0.1190069102851358,70.75962673075766,123.0,14,10,0,85,True,False,False,False,True,False,False,False,2
50,3,7.8,3,87.53148716022129,0.1988866805576308,66.5509516444362,162.0,8,6,0,72,True,False,False,False,False,False,True,False,2
32,30,8.94,3,76.97632446475842,0.1038368474792752,75.13746468330888,135.0,9,3,0,63,False,False,True,False,False,False,True,False,2
37,27,5.95,5,93.25132928400264,0.0471110354997753,96.37475980909304,239.0,11,1,1,91,True,False,False,False,False,False,False,True,0
43,11,5.49,4,72.91498454823504,0.3778999229652581,52.47161953533551,87.0,13,10,0,91,False,True,False,False,False,False,False,True,1
41,6,9.3,1,79.1698628770403,0.168387390553317,61.35292763328342,137.0,5,9,0,62,True,False,False,True,False,False,False,False,2
52,9,5.98,4,98.886932147848,0.0240227166395545,85.60432813981141,231.0,17,0,1,69,False,False,True,False,True,False,False,False,0
35,29,7.88,5,86.62248140199422,0.2425917662114335,72.0508004155792,123.0,9,2,1,51,True,False,False,False,False,True,False,False,2
33,10,8.6,4,73.0119604303712,0.2730427830256526,35.2205233064734,72.0,7,0,1,89,True,False,False,False,False,False,False,True,1
39,20,7.13,4,82.87737356958033,0.244658388498589,64.12725788387054,170.0,10,13,1,83,False,False,True,True,False,False,False,False,2
48,25,5.73,4,76.8000816511563,0.204619190084009,69.61838968572673,123.0,17,4,0,77,True,False,False,True,False,False,False,False,2
36,2,9.49,4,99.8797532097737,0.000808467653001,88.74978881726265,235.0,15,3,0,67,False,False,True,False,True,False,False,False,0
57,9,6.98,1,83.3432713110966,0.1047042353206882,63.23511360544329,157.0,7,0,1,63,False,True,False,False,False,False,True,False,2
33,17,6.4,5,85.3531432641989,0.2175457453221755,65.7349432847028,137.0,10,11,1,71,False,True,False,True,False,False,False,False,2
25,14,6.34,4,69.94340678698163,0.2673099787421242,41.79746944934863,76.0,14,2,0,91,False,False,True,False,False,False,False,True,1
48,3,6.7,3,66.32616662513189,0.3695421256023469,47.12235699012885,91.0,11,1,0,71,False,False,True,False,True,False,False,False,1
26,32,7.73,4,76.57336164900194,0.1521606753338973,76.65199792848536,120.0,0,3,1,96,False,True,False,False,True,False,False,False,2
33,22,5.13,2,82.80870662737287,0.1977004158700308,62.927438916988585,149.0,1,12,0,52,True,False,False,False,False,False,False,True,2
25,28,6.85,3,99.7097532986006,0.0983080445953,91.59315927352633,218.0,0,14,1,71,False,False,True,True,False,False,False,False,0
32,11,7.18,3,79.05832951347404,0.1021772641791413,70.92194171933762,176.0,12,6,1,55,False,True,False,False,True,False,False,False,2
52,34,8.19,4,65.11117142598161,0.3868876326887235,52.63513227995363,79.0,19,14,1,60,False,True,False,True,False,False,False,False,1
49,5,8.1,3,73.67075886681219,0.3852757474662507,33.69378904496747,79.0,15,12,1,99,False,True,False,False,False,False,True,False,1
57,30,7.69,5,68.64580238493465,0.3972123582750496,39.794923626834645,113.0,2,11,0,86,False,True,False,False,False,False,True,False,1
32,8,8.36,4,81.04111367786699,0.1344877556292449,69.80297169198305,121.0,12,5,1,82,False,False,True,False,False,False,True,False,2
52,13,8.81,1,78.34912499132201,0.1622820635026496,71.68673446002978,137.0,0,3,1,70,False,False,True,False,True,False,False,False,2
42,23,7.53,4,92.10461747683212,0.031825499727942,84.80139306214357,213.0,7,12,0,56,False,True,False,False,False,False,True,False,0
36,11,6.16,3,98.50267394335924,0.0706368771850307,85.8095791844651,205.0,3,5,0,95,False,False,True,False,False,False,True,False,0
30,21,7.56,4,99.241479491367,0.0775315753880376,91.4885696600629,231.0,2,4,1,60,False,False,True,False,True,False,False,False,0
39,27,6.03,5,98.44709167075862,0.0418383337713271,88.81710225405031,188.0,15,7,1,71,False,True,False,False,False,False,False,True,0
58,27,8.23,5,61.75109517542855,0.2562248956578567,38.16377900239889,85.0,3,6,1,62,True,False,False,True,False,False,False,False,1
48,1,7.83,3,92.15085228785092,0.0271860726725915,83.3941047831049,190.0,2,13,0,79,True,False,False,False,False,True,False,False,0
30,3,7.59,1,97.36651875224788,0.0113564540977537,96.12023420976968,210.0,4,4,0,83,True,False,False,False,False,False,False,True,0
32,1,7.15,4,63.74982888782479,0.3776886773049411,34.800683049869534,86.0,1,1,1,80,False,True,False,False,False,False,False,True,1
31,33,6.44,5,99.68816441483376,0.0991892857319641,95.79523547469267,198.0,6,5,1,94,False,True,False,False,False,False,False,True,0
50,17,9.19,3,90.84728683290318,0.0622972887688095,80.13571105953655,207.0,5,1,1,58,True,False,False,False,True,False,False,False,0
43,13,7.52,2,72.0896514434,0.3511087679130544,36.22450092422843,96.0,5,11,1,53,True,False,False,False,False,True,False,False,1
53,8,8.4,5,61.262739802803424,0.3409022503719164,32.59932142583392,78.0,1,1,0,99,False,True,False,False,True,False,False,False,1
30,9,8.37,1,77.35523180485157,0.2040768079408399,72.26257481193721,132.0,19,8,0,94,True,False,False,False,False,True,False,False,2
22,7,8.28,2,66.45446995336937,0.2988835215090464,43.793995896822594,103.0,15,0,1,67,False,True,False,False,False,True,False,False,1
25,23,7.92,5,65.17632935221764,0.3229086312854021,39.09968215586613,76.0,16,4,0,57,True,False,False,True,False,False,False,False,1
42,23,7.55,2,90.26297726684668,0.0261028665293449,90.76135101469646,226.0,17,14,0,73,False,False,True,False,True,False,False,False,0
52,1,7.87,2,62.61493130027319,0.3138345048577527,45.93519763184279,63.0,10,9,0,68,False,False,True,True,False,False,False,False,1
59,23,8.67,4,98.93443465376264,0.0194152696618549,82.60911273102788,200.0,8,2,0,61,True,False,False,False,False,True,False,False,0
56,22,6.95,4,95.44180115941954,0.0543469869981363,89.94307631765743,221.0,6,0,0,60,False,True,False,True,False,False,False,False,0
43,28,6.73,4,75.02536847416953,0.1335727129084643,66.46838052188895,131.0,3,0,1,85,True,False,False,True,False,False,False,False,2
50,3,6.65,4,75.19883018639071,0.1230126369116331,68.0015812686075,143.0,15,12,1,82,False,True,False,True,False,False,False,False,2
56,21,4.32,4,69.20491921978919,0.2791928881486847,41.3308058253841,81.0,8,8,1,86,False,False,True,False,False,False,False,True,1
31,6,6.21,4,62.8593406879781,0.287080767839595,58.88657309067085,107.0,5,13,1,53,True,False,False,False,True,False,False,False,1
29,26,8.75,3,77.76954200377853,0.2265059981012508,63.87174464963021,148.0,7,4,0,71,False,False,True,True,False,False,False,False,2
27,27,7.84,1,99.27810061647696,0.0332656599820891,90.06418833503086,190.0,3,14,0,74,True,False,False,False,True,False,False,False,0
47,13,5.03,3,93.92950764991352,0.0961762478345468,88.31572124138366,238.0,5,13,0,99,True,False,False,False,False,False,True,False,0
45,29,6.25,2,60.431011964050455,0.3585704164945785,56.25859207198505,112.0,7,5,1,77,True,False,False,False,False,False,True,False,1
43,19,8.93,3,68.71676438306687,0.3479139633964188,52.31247752838326,97.0,1,6,0,97,True,False,False,True,False,False,False,False,1
54,14,7.84,2,65.16435530178245,0.3135934269194893,40.45545461769778,66.0,12,1,0,85,False,False,True,False,True,False,False,False,1
51,16,7.13,4,63.94351096264335,0.3221005168457615,42.99186818539718,102.0,7,9,1,65,False,True,False,False,False,False,False,True,1
56,13,9.22,2,83.52911727877097,0.1412362506223361,73.61915661728804,149.0,17,5,1,68,True,False,False,False,False,False,True,False,2
54,4,7.67,1,73.88004368181323,0.3569828507615658,34.756891212322294,111.0,9,12,0,52,False,False,True,False,False,True,False,False,1
57,27,6.09,4,71.16923321092051,0.3882186604324795,58.37667304104801,77.0,9,6,0,91,True,False,False,False,False,True,False,False,1
33,22,6.29,3,72.7438047975553,0.344578171337226,46.81483141990216,91.0,12,7,0,56,True,False,False,False,False,True,False,False,1
58,29,8.63,2,65.1134188226152,0.3089178469493057,50.17358184991684,104.0,4,11,1,50,False,False,True,False,False,False,False,True,1
31,26,7.2,5,87.94096084671321,0.1823624833853084,71.07697111464799,168.0,15,7,1,98,True,False,False,False,False,False,False,True,2
52,17,7.12,4,93.91675596535548,0.0621914421283878,99.37277330600551,194.0,19,7,0,70,True,False,False,True,False,False,False,False,0
23,21,9.54,4,66.57783608977145,0.2996189487141483,51.893265804591536,117.0,14,5,1,79,False,True,False,False,False,True,False,False,1
33,32,7.22,2,80.24623431550064,0.2388293982470342,75.74966793266722,132.0,4,11,1,57,False,False,True,False,False,False,False,True,2
51,26,6.11,5,70.08930236311008,0.3332210137410922,42.26341758553659,93.0,15,8,1,52,False,True,False,False,False,True,False,False,1
47,8,5.62,3,75.92249031044761,0.1286933735044771,67.74070016061563,137.0,10,5,1,56,False,False,True,False,False,False,True,False,2
40,29,8.09,1,92.5922548714516,0.0122338575962141,98.8480572951398,218.0,17,8,0,66,False,True,False,False,True,False,False,False,0
56,26,7.18,1,96.7504662228992,0.0979103394252273,94.239059761311,220.0,18,0,0,82,True,False,False,True,False,False,False,False,0
45,18,7.68,5,69.64941627946833,0.3411564712340507,45.60597496361567,109.0,11,7,1,50,True,False,False,False,False,True,False,False,1
45,17,6.9,3,82.8173826859831,0.2376023352260123,67.4381148763463,177.0,5,9,1,51,True,False,False,False,False,False,True,False,2
36,33,7.01,5,71.97680336574341,0.2637844138115659,54.1991722318592,113.0,12,7,1,86,True,False,False,True,False,False,False,False,1
46,22,6.23,5,64.97611353014344,0.2877269559514601,50.14548015831177,88.0,2,10,0,95,True,False,False,False,False,False,True,False,1
22,28,6.33,2,62.57219676478013,0.3068271197275832,55.93710921478382,61.0,15,9,1,71,True,False,False,False,False,True,False,False,1
57,23,5.05,2,79.79171829905644,0.1125810607828018,78.86327558553427,167.0,1,5,1,61,False,False,True,False,False,False,False,True,2
47,18,8.12,5,62.52834691066613,0.2557650089202045,37.97657898273451,82.0,8,11,1,67,False,True,False,False,True,False,False,False,1
35,4,7.29,2,60.60756050009985,0.3022716963693483,35.196210564134354,118.0,6,10,0,84,False,True,False,False,False,False,False,True,1
45,24,8.21,5,85.68284845268259,0.199653092898908,64.67092841592984,146.0,14,7,1,50,True,False,False,True,False,False,False,False,2
39,15,9.34,5,64.50047469126926,0.2739444899879146,35.950302168459665,70.0,18,0,1,58,True,False,False,False,False,True,False,False,1
28,29,7.47,3,84.11212953355798,0.1298337554407026,64.56593389563682,174.0,17,0,0,55,False,True,False,False,False,True,False,False,2
47,27,6.58,4,88.37137978631961,0.1289522478108548,76.77209944793452,172.0,3,10,0,94,False,True,False,False,True,False,False,False,2
37,34,8.89,5,72.43465934149862,0.3782119198046088,54.50736749432954,80.0,1,10,0,68,True,False,False,False,False,True,False,False,1
57,19,7.61,4,79.9891329285708,0.2248748051478949,76.16479131632055,156.0,16,2,1,59,False,False,True,False,False,False,False,True,2
30,19,8.79,3,72.18560648348172,0.3337347625419491,39.419168546030456,105.0,2,6,0,95,False,True,False,True,False,False,False,False,1
58,4,7.17,1,61.48014384603589,0.3497211637870367,38.29924525313931,62.0,17,4,0,59,False,True,False,False,False,False,False,True,1
41,3,6.29,2,61.30835477736429,0.3560229167515216,44.18941456760911,60.0,3,0,1,89,True,False,False,False,True,False,False,False,1
29,8,8.81,5,88.9042923450687,0.1159138074921928,64.42801057171232,127.0,2,9,0,55,False,True,False,True,False,False,False,False,2
29,32,4.58,1,65.16068913497604,0.2598763246762982,48.04284080103463,76.0,18,13,0,85,True,False,False,False,False,True,False,False,1
49,1,9.64,1,94.60326984777834,0.0566466605979634,82.98769093542455,236.0,6,10,1,51,False,False,True,False,False,True,False,False,0
44,25,7.86,1,70.95354132102243,0.3296125903582213,47.10519743875291,112.0,17,13,0,52,False,False,True,True,False,False,False,False,1
29,28,8.0,1,71.48410144852848,0.3106164771614436,36.42353047476173,104.0,1,6,0,67,True,False,False,False,True,False,False,False,1
51,19,7.02,3,92.24886780225532,0.0519448786391237,91.2537751158146,221.0,3,0,0,83,False,True,False,True,False,False,False,False,0
40,11,8.12,5,95.31910696881305,0.0091850337229201,88.90037367450711,226.0,5,5,0,96,True,False,False,False,False,False,True,False,0
46,8,5.78,5,91.86316776518534,0.0099726203853367,87.2664895113802,199.0,1,11,1,90,False,True,False,False,False,False,False,True,0
45,23,10.25,2,91.66311700209084,0.0705380559647417,85.83155433519862,221.0,7,11,0,66,False,True,False,False,False,False,False,True,0
54,18,7.54,3,82.28917495227756,0.2113301513681698,69.68497469007481,150.0,14,13,0,82,False,False,True,False,True,False,False,False,2
23,18,9.25,1,92.78871926260965,0.095021120586543,81.2652534364135,194.0,17,6,1,77,True,False,False,False,False,False,True,False,0
46,23,5.5,2,79.23629013729762,0.1403171947242406,70.11267033569383,142.0,5,11,0,84,False,False,True,False,False,True,False,False,2
30,23,6.7,2,69.2781139271545,0.3508157600520647,37.313659681409625,74.0,16,9,1,50,False,True,False,False,True,False,False,False,1
49,16,7.33,4,66.16178775164857,0.2684958707982137,44.106951739040376,116.0,3,11,1,81,False,True,False,False,False,False,False,True,1
48,25,7.59,4,91.36233651545726,0.0630400926035999,86.02451496124559,215.0,8,14,1,97,True,False,False,True,False,False,False,False,0
46,29,7.26,2,96.4513712393572,0.0282366067552057,85.91198249969757,228.0,3,1,1,95,False,True,False,False,False,False,False,True,0
34,11,8.42,5,63.24506388663212,0.385209991184385,54.18358141337007,111.0,7,14,1,82,False,False,True,False,True,False,False,False,1
25,9,8.34,5,92.189701271058,0.0496549813601831,85.53995636909433,238.0,19,9,1,97,True,False,False,False,False,False,True,False,0
25,29,6.07,5,66.58403867384446,0.3188210431403553,58.525633399951545,118.0,7,11,1,55,False,True,False,False,False,False,True,False,1
30,19,6.96,4,69.70616455972089,0.3677085122769037,53.96715592119442,75.0,6,10,0,95,False,True,False,False,False,False,True,False,1
44,6,8.59,4,63.47855934183439,0.3463797753009049,37.97870496390667,101.0,19,4,1,82,False,True,False,False,False,False,True,False,1
36,17,6.85,1,96.5369869290508,0.0773936128823672,96.27658263185688,230.0,12,14,1,80,True,False,False,False,False,True,False,False,0
25,21,6.3,4,65.43057940532422,0.3063939864460995,48.56141511097164,63.0,1,8,1,65,True,False,False,True,False,False,False,False,1
26,9,7.02,1,60.63162230042043,0.3900161510756288,50.459196908780406,97.0,4,7,1,52,False,True,False,False,False,False,True,False,1
46,28,7.66,3,96.57197661640062,0.0439029243980448,80.89762032945436,216.0,12,1,0,95,False,False,True,False,True,False,False,False,0
37,26,7.77,4,76.02272487534925,0.156729202462162,73.49055760582935,152.0,11,1,0,72,False,True,False,True,False,False,False,False,2
51,32,7.79,5,94.27914690187784,0.0197473583685683,92.53317278182682,229.0,13,3,0,87,True,False,False,True,False,False,False,False,0
32,7,6.74,5,94.27408287904316,0.0134797828419477,98.2733919488544,229.0,4,9,1,88,False,True,False,True,False,False,False,False,0
49,34,6.25,5,96.68365226590431,0.0228177717129171,86.34744666134904,232.0,6,3,1,99,False,True,False,True,False,False,False,False,0
25,14,6.79,1,81.45961667155807,0.1694139911340959,70.33217140128755,154.0,19,6,0,56,False,True,False,False,False,False,False,True,2
35,25,5.99,4,92.82498726620965,0.0555159729790154,94.60832530039472,189.0,0,8,0,64,False,True,False,False,False,False,True,False,0
31,5,10.22,2,90.2544714329504,0.0642746046075279,97.8548508599271,192.0,11,13,0,57,True,False,False,False,False,True,False,False,0
43,32,9.19,3,90.66797077262171,0.0942343507671357,99.72633684544026,213.0,4,3,1,98,True,False,False,False,True,False,False,False,0
51,24,6.54,2,60.75557665998348,0.3644454083063535,50.40173617856188,76.0,13,0,0,66,False,True,False,False,False,False,False,True,1
58,34,3.96,1,79.35671043456523,0.2154988421828056,76.46851604353553,157.0,1,9,1,67,True,False,False,True,False,False,False,False,2
27,21,7.02,5,68.82556823784758,0.3861809015402861,42.15354485645801,117.0,9,10,0,97,True,False,False,False,True,False,False,False,1
42,6,4.97,5,66.6573713027667,0.2977262814263055,37.73439948847921,90.0,8,2,0,50,False,True,False,False,False,True,False,False,1
45,1,7.55,4,82.23571474828299,0.1395045428497119,63.9874288683033,121.0,11,1,0,99,False,False,True,False,False,False,False,True,2
57,15,8.41,2,67.78480269268046,0.2990466434864109,42.832248096373085,98.0,17,12,1,94,True,False,False,False,True,False,False,False,1
41,32,9.78,4,61.39904627876174,0.3707526539851942,40.72677014379562,118.0,5,13,1,64,True,False,False,True,False,False,False,False,1
43,14,7.3,2,88.69577280398583,0.2311155694099316,66.82234480181987,141.0,4,13,0,89,False,True,False,True,False,False,False,False,2
43,31,5.39,3,69.98223570027291,0.2736555431889237,37.31580359842453,94.0,15,5,1,88,True,False,False,False,True,False,False,False,1
34,8,7.73,2,94.89134031715908,0.0793843292867861,93.22720787322612,186.0,1,6,1,66,False,False,True,True,False,False,False,False,0
45,6,6.04,2,77.51300364692091,0.2148407227386688,69.3770857744198,141.0,19,5,1,81,False,False,True,True,False,False,False,False,2
45,31,9.2,4,82.80934176029608,0.1569192070890197,69.62444999826239,167.0,5,11,0,95,False,False,True,False,True,False,False,False,2
49,21,8.27,2,72.4693334624867,0.3577796977183369,32.11608165484495,72.0,9,3,1,60,True,False,False,False,False,True,False,False,1
23,29,7.57,2,97.07862103454204,0.0153296160515387,98.29503662850806,200.0,4,8,1,55,False,True,False,False,False,False,False,True,0
46,16,5.99,1,82.4686986626881,0.1079134922248136,68.68183814806673,177.0,16,11,1,76,False,True,False,False,False,False,False,True,2
26,25,7.85,1,94.34657318051084,0.0330794994781043,83.57325610678205,196.0,4,13,0,53,False,True,False,False,False,True,False,False,0
59,2,7.92,5,83.26418700457839,0.1945010703169785,76.06296483231463,157.0,4,7,1,51,False,True,False,True,False,False,False,False,2
30,5,6.83,4,97.57734944502292,0.0582400964867939,93.77999969977137,195.0,1,1,1,66,True,False,False,True,False,False,False,False,0
39,19,6.96,3,77.16742056820429,0.1554464676433782,66.25680094442738,172.0,2,14,0,73,False,False,True,False,False,True,False,False,2
42,9,6.39,4,84.50429525346836,0.1844797138672241,63.08236185083344,121.0,1,1,1,99,False,False,True,False,False,True,False,False,2
43,12,8.44,2,92.96620861833918,0.0889446758351677,99.98729864385358,193.0,6,0,0,71,True,False,False,False,False,True,False,False,0
43,15,7.29,5,83.31316443181596,0.131207432233765,66.15316684458305,156.0,1,8,1,78,True,False,False,True,False,False,False,False,2
25,34,7.65,4,90.81427688706935,0.0435840368872726,91.11680975366995,217.0,4,3,0,62,False,False,True,False,False,False,False,True,0
45,24,7.59,2,98.0719197040216,0.0757402198331027,87.1387459589627,206.0,10,8,1,88,True,False,False,False,False,False,True,False,0
47,7,9.35,5,83.16473226636265,0.1344942123101551,62.81454451831128,132.0,12,6,0,94,False,False,True,True,False,False,False,False,2
37,30,9.43,4,92.47564508141784,0.0807345621200368,95.25985872579388,204.0,17,4,1,88,True,False,False,False,False,False,True,False,0
28,13,7.2,4,93.4385357554258,0.0693880688708322,97.68414703658638,188.0,6,5,0,93,False,False,True,False,False,True,False,False,0
40,26,8.82,4,68.56207163671161,0.3668640915072655,50.85196682490674,100.0,6,6,1,67,True,False,False,False,True,False,False,False,1
25,19,9.2,5,78.32244785885447,0.143299945401319,77.82176944373045,155.0,11,2,0,61,True,False,False,False,False,False,True,False,2
38,22,9.12,5,71.78015663938743,0.3426541879282886,48.68827191926468,61.0,18,1,0,77,True,False,False,True,False,False,False,False,1
30,19,8.98,2,96.19966291462832,0.0535614781874331,81.20440728890472,239.0,7,14,0,88,False,True,False,False,False,False,False,True,0
41,5,7.76,1,63.09787227492657,0.2742125481531361,40.787848033885695,68.0,4,1,1,73,False,True,False,True,False,False,False,False,1
53,3,8.65,4,62.585117442511766,0.3011641474881102,45.7626497506772,96.0,18,7,0,63,True,False,False,False,True,False,False,False,1
56,18,8.29,4,95.85863050527922,0.0976078332472518,90.64608727696331,208.0,14,2,1,96,True,False,False,False,False,False,True,False,0
22,13,5.4,3,61.269269239130736,0.3500867242949859,38.21853314254722,68.0,2,2,1,82,False,False,True,False,False,False,False,True,1
42,13,8.36,3,94.70473319677156,0.052780736355883,99.99415275643662,203.0,2,11,1,76,False,False,True,False,False,False,True,False,0
46,19,6.6,4,82.7284532617579,0.1536064605171943,78.3538811057582,121.0,13,9,0,75,False,True,False,False,False,False,True,False,2
57,30,6.67,4,83.52261655181374,0.1617673041228662,69.00236026424264,159.0,4,2,1,63,True,False,False,True,False,False,False,False,2
48,20,8.79,2,85.27070561003126,0.1937540181715493,76.22631033970694,151.0,15,4,1,62,False,False,True,False,False,True,False,False,2
46,27,8.3,2,87.32910808450409,0.161936678438382,70.21238131979146,120.0,9,10,1,73,False,False,True,True,False,False,False,False,2
57,7,5.04,2,88.6831668508869,0.226538041839031,63.386752735201306,157.0,1,2,0,77,False,True,False,False,False,False,False,True,2
59,3,7.45,1,69.02774034428275,0.2851673273212059,51.21663038668719,117.0,6,11,1,54,False,True,False,False,False,True,False,False,1
27,8,9.2,3,75.7851223696914,0.1887145238348516,76.30787936963391,155.0,11,13,1,80,True,False,False,True,False,False,False,False,2
22,10,8.46,3,68.16790821256203,0.2592335016399999,49.0070552072828,97.0,15,7,0,81,False,True,False,False,False,False,False,True,1
47,25,8.73,4,70.3564992634668,0.2878300075925369,37.5550059176431,76.0,13,9,1,85,False,False,True,False,True,False,False,False,1
57,1,8.52,4,71.58021407798672,0.3137503621184796,37.98795371392476,72.0,2,6,0,52,True,False,False,False,False,False,False,True,1
22,16,7.74,1,88.47290186813589,0.1693533401401993,67.84072893606728,166.0,13,13,1,83,False,True,False,False,False,False,True,False,2
38,27,6.18,2,72.46026461608271,0.2867430262548934,51.16128919595491,91.0,17,10,1,61,True,False,False,True,False,False,False,False,1
25,4,8.39,1,60.68813680214595,0.2507971253732293,39.51402085008407,115.0,4,6,0,73,False,False,True,True,False,False,False,False,1
59,3,6.91,1,81.54137882172373,0.1360127052904965,76.99735959366846,157.0,9,10,0,81,False,False,True,False,False,True,False,False,2
59,25,7.83,4,60.44887774829527,0.2624802724763402,38.50848819878776,96.0,8,8,1,70,True,False,False,False,False,False,False,True,1
49,11,5.72,3,64.69011997940774,0.2810923783824603,40.95610789337293,75.0,11,14,0,54,False,True,False,False,False,True,False,False,1
40,29,8.72,1,97.74858402181955,0.0129706257990026,89.07507520500707,194.0,7,10,1,75,False,True,False,False,True,False,False,False,0
45,26,8.21,3,75.34197636116886,0.1617621501385364,66.3260546922851,124.0,11,12,1,78,False,True,False,False,False,True,False,False,2
26,3,7.87,1,75.2786207723611,0.2048541121063142,64.80532430556946,172.0,18,14,0,55,True,False,False,False,True,False,False,False,2
50,17,7.2,5,67.52383714039729,0.253375649114303,42.87927715008679,63.0,12,14,0,79,True,False,False,False,True,False,False,False,1
40,24,7.94,2,81.37925150174328,0.1908548860689813,73.14541425505604,136.0,2,11,1,70,True,False,False,False,False,True,False,False,2
28,26,6.53,4,99.96450505100088,0.0787250302669363,88.17482073516246,221.0,13,3,1,50,False,False,True,True,False,False,False,False,0
54,23,8.06,2,92.53457129673016,0.0074246859330545,82.07549417269482,212.0,5,8,0,89,False,True,False,True,False,False,False,False,0
44,12,6.73,5,88.56652676823575,0.170093103727318,70.89941085678639,135.0,8,7,1,92,False,False,True,False,False,True,False,False,2
59,29,8.96,3,94.71540126588164,0.0149838134187968,85.27921708263742,223.0,17,11,1,70,True,False,False,False,False,False,True,False,0
25,3,9.04,1,67.47539165708908,0.2592520444379643,36.05363058956025,107.0,6,2,0,61,False,True,False,True,False,False,False,False,1
23,8,9.31,1,97.67966757809803,0.0960728088228243,89.99098324535166,213.0,12,12,0,92,True,False,False,True,False,False,False,False,0
53,8,8.15,2,95.52018172295652,0.0230941664598744,94.8700507155815,222.0,1,6,0,52,False,True,False,False,True,False,False,False,0
36,29,6.18,5,87.14580202423754,0.1064691682328243,70.9050580368719,159.0,4,11,1,62,False,False,True,False,False,False,True,False,2
57,5,7.67,1,98.44209585776233,0.043239636018509,96.57334287067188,197.0,18,8,1,99,False,False,True,False,False,False,True,False,0
27,29,9.76,3,81.21297010995269,0.1856279538316469,70.01434783175571,150.0,0,12,1,71,True,False,False,False,False,False,False,True,2
49,25,7.55,5,85.2388313325938,0.2483999930242413,65.17840530996756,139.0,6,6,0,77,False,False,True,True,False,False,False,False,2
54,15,6.22,5,82.74886378278353,0.1744598382515626,65.81401849808019,167.0,7,6,0,98,False,False,True,False,False,True,False,False,2
51,27,3.61,3,93.19618125508072,0.0167621563840584,85.25761403978652,198.0,2,0,1,56,False,False,True,False,False,False,True,False,0
59,4,8.1,1,68.23347277538797,0.3876276952824355,45.84915127714011,78.0,4,2,0,68,False,False,True,False,False,False,False,True,1
32,18,6.6,4,70.7695078293822,0.3395084485159326,39.77885901989963,65.0,3,3,1,76,False,False,True,False,False,False,False,True,1
26,6,8.61,4,94.92081705388416,0.0531360831695266,84.0250072910234,199.0,16,12,1,63,True,False,False,False,False,False,False,True,0
25,14,7.91,3,88.68744179780191,0.2180000423312444,74.62873528302504,129.0,11,13,1,86,True,False,False,False,False,False,False,True,2
30,34,6.66,1,78.29570148378137,0.2090469807018723,67.18259018243072,176.0,12,11,1,68,True,False,False,False,False,False,False,True,2
25,20,8.73,1,99.40537301102948,0.0905943967926264,91.33612210020932,211.0,2,9,1,81,False,False,True,False,False,True,False,False,0
27,2,6.64,5,92.8215558403614,0.0233251691266392,94.68147062011757,191.0,16,3,0,69,True,False,False,True,False,False,False,False,0
28,19,6.69,2,85.48820952447144,0.1493161431238886,71.60634158682015,134.0,5,6,1,69,True,False,False,False,False,False,True,False,2
23,22,7.26,5,62.17480623514024,0.3499920079891427,47.55496521038268,66.0,5,1,1,59,False,False,True,False,True,False,False,False,1
23,3,5.01,3,81.75819742467496,0.1496524389242342,74.0657581380826,128.0,6,1,0,98,False,False,True,False,False,True,False,False,2
48,19,6.91,3,70.00734968983788,0.3595366249405386,44.861766419466,107.0,0,8,0,70,False,False,True,True,False,False,False,False,1
53,23,7.28,2,95.6906699824209,0.038258882367092,86.51660039874788,198.0,11,5,1,87,False,True,False,True,False,False,False,False,0
38,11,5.83,2,99.3425329909636,0.0086424632447237,95.98476188406916,196.0,12,13,0,54,False,True,False,False,False,True,False,False,0
56,30,8.26,5,68.7630625158819,0.3125273859240103,48.05208062248066,114.0,15,7,0,58,True,False,False,False,False,True,False,False,1
31,9,6.8,2,82.19643147266217,0.1859723871971868,77.5892821680508,176.0,10,14,0,82,False,False,True,True,False,False,False,False,2
25,12,9.41,5,69.13478619768621,0.3660701122853551,40.39251353407703,67.0,14,6,1,97,False,True,False,False,False,True,False,False,1
50,28,7.84,4,69.25018350352812,0.3925909557369809,51.16067399577,69.0,0,10,0,99,False,True,False,False,False,False,False,True,1
53,26,7.64,1,71.74869280020154,0.3479489097312577,44.56597107326623,102.0,6,2,1,92,False,False,True,False,False,True,False,False,1
52,4,8.58,2,88.20228993504031,0.2192609321771746,63.44375485547949,129.0,8,2,1,83,False,False,True,False,False,False,False,True,2
37,8,8.99,2,95.11536194234792,0.0943565217156977,80.83760787677551,234.0,4,11,0,81,False,True,False,False,True,False,False,False,0
51,27,8.88,4,87.45629468696279,0.205045953082571,63.832299289989486,139.0,5,12,1,78,True,False,False,False,False,False,True,False,2
27,33,5.33,5,86.28299414781502,0.1198317284230449,73.56437709758904,178.0,18,14,0,66,True,False,False,False,False,True,False,False,2
58,20,8.43,5,81.93777966526302,0.1026810296254473,66.35973105137839,149.0,13,2,1,50,False,True,False,False,False,False,True,False,2
41,23,8.99,4,72.9073788218585,0.271115568665682,36.52200736618181,85.0,8,0,0,75,False,True,False,False,True,False,False,False,1
41,4,6.25,5,67.6997058093741,0.3237685948935502,46.39823461614914,104.0,4,5,1,58,False,False,True,False,False,True,False,False,1
47,18,4.0,1,96.2854403087886,0.0095040240651619,81.89907294836662,215.0,1,14,0,70,False,False,True,True,False,False,False,False,0
39,11,7.77,5,61.57137500788224,0.2936834977867414,47.81132799555164,72.0,10,1,1,70,False,False,True,False,False,False,False,True,1
43,11,9.33,4,93.28509054337864,0.0952451263146385,80.4975176402921,211.0,4,0,1,62,True,False,False,False,False,True,False,False,0
49,24,3.67,1,60.74962511249745,0.356390801750472,45.43122288127311,93.0,0,4,0,82,False,True,False,False,False,False,True,False,1
56,32,5.28,2,83.02899418909303,0.2280444892791935,64.59662683426549,144.0,12,10,1,94,False,True,False,False,True,False,False,False,2
55,1,8.91,3,90.08814833294473,0.0716127640476737,86.8887657685702,188.0,2,6,1,88,True,False,False,False,True,False,False,False,0
51,34,6.33,4,93.28147180515067,0.0908189595696502,81.93904247197976,198.0,9,8,1,97,False,False,True,False,True,False,False,False,0
37,6,5.62,4,63.07013395506763,0.3559348747797673,52.69689532186342,78.0,6,13,0,72,False,False,True,False,False,False,True,False,1
35,13,7.24,1,90.57788197019865,0.0140653339233666,94.33263873404064,231.0,15,2,0,77,True,False,False,False,True,False,False,False,0
54,23,8.06,1,69.51616114402461,0.3413543417060374,52.30042566163026,85.0,19,9,1,62,False,False,True,True,False,False,False,False,1
54,1,7.22,2,62.06533367848286,0.2644825717896618,30.3892645384837,84.0,14,13,0,82,False,True,False,True,False,False,False,False,1
37,32,8.39,4,90.30397414811526,0.0433622586901673,91.39023738688844,192.0,0,8,0,97,False,True,False,True,False,False,False,False,0
24,28,7.34,1,96.69348350762796,0.0831573925910452,83.00621244967938,237.0,16,9,1,67,False,True,False,False,False,False,True,False,0
23,13,6.45,4,77.26754058164117,0.2051226943958018,77.60932747309077,154.0,4,14,1,98,False,True,False,False,True,False,False,False,2
51,12,6.57,5,90.09538954025544,0.0402890031050048,98.14486334554158,238.0,9,11,0,98,False,False,True,False,False,False,False,True,0
24,26,9.53,2,95.04739475380352,0.0149549318556944,82.07678772221855,182.0,19,2,0,87,False,True,False,True,False,False,False,False,0
57,22,9.29,2,76.93729987558686,0.2122242698543044,68.92343088208085,156.0,19,0,0,82,True,False,False,False,False,True,False,False,2
36,3,6.67,3,90.98968623408707,0.0271381395079584,97.1021884399488,189.0,2,14,1,84,False,True,False,False,False,True,False,False,0
22,5,6.12,1,70.92728806217448,0.293021893716023,41.67090901486418,117.0,0,14,0,87,True,False,False,False,False,False,True,False,1
22,27,8.88,4,88.28186885534853,0.2353368434644347,76.63862369461985,157.0,0,7,0,52,False,True,False,True,False,False,False,False,2
51,11,7.82,1,64.1384318850591,0.3558044036345023,44.88325651160701,118.0,0,3,1,91,True,False,False,False,False,True,False,False,1
46,15,6.11,3,78.52540582812784,0.2471544233672614,71.6604514213312,172.0,11,11,1,98,False,True,False,False,True,False,False,False,2
27,29,9.53,5,73.30252995145258,0.3367723539596288,40.60737404992764,77.0,6,3,1,75,False,True,False,True,False,False,False,False,1
43,27,7.27,3,79.62430762579629,0.1029588619694763,62.56847802925717,169.0,19,10,1,60,True,False,False,False,False,False,False,True,2
37,17,6.0,3,87.98504971815206,0.168742482457941,72.52946751559713,120.0,1,1,0,66,True,False,False,False,False,False,True,False,2
34,11,7.14,2,95.75785210889411,0.0163624000210233,82.49839621481267,195.0,5,5,0,73,False,False,True,False,False,False,False,True,0
58,23,9.99,2,60.19919513220832,0.3673135021935415,53.55658560728095,75.0,9,8,0,93,True,False,False,False,False,True,False,False,1
33,19,9.19,2,91.27576468916692,0.0859332819723751,91.89665427775007,215.0,14,6,0,96,True,False,False,False,True,False,False,False,0
42,14,5.67,4,97.397963719361,0.070593661771162,90.6837978361724,185.0,8,0,1,76,False,False,True,True,False,False,False,False,0
35,28,5.86,4,99.31019275879704,0.084141643602535,92.94893847502496,181.0,4,5,1,64,False,True,False,False,False,False,True,False,0
27,33,6.5,5,78.94711638078462,0.166539955197728,63.25094708985464,159.0,7,3,1,96,True,False,False,False,False,True,False,False,2
26,14,7.2,4,92.65609457666416,0.070435295647213,96.05531342924075,226.0,12,14,0,71,False,True,False,False,False,True,False,False,0
36,16,8.95,4,67.83022620907558,0.2781116931975665,42.99857088113851,95.0,13,4,0,52,False,False,True,False,False,False,False,True,1
49,12,8.85,3,63.73318668985506,0.3574140223734942,41.43348882937661,115.0,8,10,0,90,False,False,True,True,False,False,False,False,1
28,34,7.0,3,83.83358622818082,0.1709471472056103,72.77017474187718,169.0,7,7,0,94,False,False,True,False,True,False,False,False,2
34,20,6.21,2,70.30309548712424,0.2707413291516713,58.01916272020157,83.0,14,1,1,81,True,False,False,True,False,False,False,False,1
31,10,8.32,4,93.07432532547836,0.02879786079325,98.30064846942167,184.0,10,10,0,71,True,False,False,False,True,False,False,False,0
39,20,7.95,1,91.29762233496264,0.0750061324144347,81.98457792165354,220.0,0,2,1,61,False,False,True,False,False,False,True,False,0
44,23,8.79,3,96.21629578043212,0.0128229947303774,85.30361750260646,215.0,17,0,1,95,True,False,False,False,False,True,False,False,0
36,16,6.64,2,95.30115565035317,0.0137762929398519,87.38112318683608,208.0,4,3,1,64,True,False,False,False,False,True,False,False,0
46,13,9.47,5,90.6150573645864,0.0051334371323677,87.6030028391534,201.0,2,10,0,87,True,False,False,False,True,False,False,False,0
24,21,7.11,5,94.5107607182486,0.0015366250734723,88.52887611428606,189.0,16,13,1,89,False,True,False,False,False,True,False,False,0
34,13,8.79,3,79.24507365406028,0.2046985707246688,75.01493817489218,159.0,19,10,1,68,False,True,False,True,False,False,False,False,2
53,30,7.93,3,91.21264893359135,0.0113761958804549,88.21921216071806,212.0,8,11,0,92,True,False,False,False,False,False,False,True,0
49,7,6.72,2,75.17051769583158,0.1992007170754319,65.49769579422268,134.0,19,8,0,70,False,False,True,False,False,False,False,True,2
46,4,7.87,1,97.7013129192892,0.0141552109477106,96.68250866494492,186.0,7,9,1,53,True,False,False,False,False,False,True,False,0
56,17,8.26,2,81.56112291794939,0.2407867359379049,63.53080905574151,171.0,5,7,0,85,True,False,False,False,False,True,False,False,2
29,13,7.41,2,63.0130890337293,0.2598893334036223,45.42288181351335,106.0,16,1,0,88,True,False,False,False,False,False,True,False,1
54,19,8.37,1,66.00442403890295,0.3478396008915655,51.0868047095759,94.0,17,9,1,84,False,False,True,False,True,False,False,False,1
35,4,9.02,2,97.18441474735542,0.0392029534803591,98.0985903396363,213.0,12,3,0,55,False,False,True,False,False,True,False,False,0
29,12,8.83,2,96.88330762332676,0.0604130628856535,98.71631248222292,216.0,7,11,1,91,False,True,False,False,False,False,True,False,0
50,18,6.32,5,99.3465195270722,0.000856921081074,80.95599419315498,188.0,15,5,0,77,True,False,False,False,False,True,False,False,0
51,11,6.01,2,99.50534474528166,0.0980414360232806,90.90913390784984,225.0,17,7,0,60,False,True,False,False,True,False,False,False,0
42,30,8.3,1,86.4394298620366,0.229151323196202,71.69686353697941,165.0,5,12,1,56,True,False,False,False,False,False,True,False,2
26,31,7.64,5,94.60206618156616,0.0903767261399106,88.196953462367,203.0,14,6,1,66,True,False,False,False,False,True,False,False,0
35,2,7.79,4,76.25756053600918,0.1886130582029597,71.38790748302705,142.0,4,14,0,60,True,False,False,False,False,False,False,True,2
36,9,6.14,5,85.5915401689343,0.1386048187602451,73.17668690388008,146.0,4,1,1,52,False,True,False,False,False,True,False,False,2
27,2,7.03,1,75.50249851664505,0.2372286708881139,66.68831506753568,128.0,3,1,1,66,False,True,False,False,True,False,False,False,2
30,13,9.34,3,97.90773063732034,0.0373927869706783,91.2562522190726,211.0,9,14,1,85,False,False,True,False,False,False,True,False,0
23,11,7.74,2,62.304781451915815,0.2723008845544273,43.23292943808703,65.0,14,12,1,71,False,True,False,False,True,False,False,False,1
42,1,7.81,5,63.282776094964376,0.3220972042468613,46.00303327249088,82.0,2,13,0,88,False,False,True,True,False,False,False,False,1
48,6,7.36,2,75.8138730743756,0.2393674529036988,64.22789983937149,130.0,9,12,0,62,False,True,False,False,False,False,True,False,2
38,7,7.55,4,77.30627612442814,0.152703390198239,65.03245889845786,157.0,2,3,1,59,False,False,True,True,False,False,False,False,2
37,33,8.33,1,60.25244813755322,0.3335571379288351,52.83311660388151,116.0,1,11,1,62,True,False,False,False,False,False,False,True,1
